{
  "generated_at": "2026-01-27T14:39:53.498389",
  "configurations_tested": 12,
  "best_config": "top_10_aggressive",
  "best_result": {
    "total_return": 0.7552433561417611,
    "annualized_return": 0.15625724609829542,
    "max_drawdown": -0.144341118078411,
    "sharpe": 0.6412474969134325,
    "sortino": 1.3740921199959433,
    "calmar": 1.082555325734772,
    "win_rate": 0.5241379310344828,
    "profit_factor": 1.4699017895504278,
    "trade_count": 290,
    "periods": 58,
    "profitable_periods": 33,
    "wfa_efficiency": 56.896551724137936,
    "criteria": {
      "sharpe_gt_1": "False",
      "max_dd_lt_25": "True",
      "win_rate_gt_45": true,
      "profit_factor_gt_1_5": "False",
      "wfa_efficiency_gt_50": true,
      "trade_count_gt_100": true
    },
    "criteria_passed": "4"
  },
  "all_results": {
    "top_5_base": {
      "total_return": 0.5321113447567478,
      "annualized_return": 0.10822603622171141,
      "max_drawdown": -0.2288747745814368,
      "sharpe": 0.5181708691598352,
      "sortino": 0.9002764212475556,
      "calmar": 0.47286135582059574,
      "win_rate": 0.5186440677966102,
      "profit_factor": 1.3641499984563714,
      "trade_count": 295,
      "periods": 59,
      "profitable_periods": 35,
      "wfa_efficiency": 59.32203389830508,
      "criteria": {
        "sharpe_gt_1": "False",
        "max_dd_lt_25": "True",
        "win_rate_gt_45": true,
        "profit_factor_gt_1_5": "False",
        "wfa_efficiency_gt_50": true,
        "trade_count_gt_100": true
      },
      "criteria_passed": "4"
    },
    "top_5_conservative": {
      "total_return": 0.13826925920514488,
      "annualized_return": 0.028122561194266753,
      "max_drawdown": -0.20173051219519605,
      "sharpe": 0.27167697771229926,
      "sortino": 0.37113818933715703,
      "calmar": 0.13940658201995315,
      "win_rate": 0.5254237288135594,
      "profit_factor": 1.2106804794869053,
      "trade_count": 177,
      "periods": 59,
      "profitable_periods": 29,
      "wfa_efficiency": 49.152542372881356,
      "criteria": {
        "sharpe_gt_1": "False",
        "max_dd_lt_25": "True",
        "win_rate_gt_45": true,
        "profit_factor_gt_1_5": "False",
        "wfa_efficiency_gt_50": false,
        "trade_count_gt_100": true
      },
      "criteria_passed": "3"
    },
    "top_5_aggressive": {
      "total_return": 0.8071561930924445,
      "annualized_return": 0.16416736130693785,
      "max_drawdown": -0.24113064029938655,
      "sharpe": 0.5753168754293961,
      "sortino": 1.240639689691267,
      "calmar": 0.6808233126371187,
      "win_rate": 0.5186440677966102,
      "profit_factor": 1.4727484109732654,
      "trade_count": 295,
      "periods": 59,
      "profitable_periods": 34,
      "wfa_efficiency": 57.6271186440678,
      "criteria": {
        "sharpe_gt_1": "False",
        "max_dd_lt_25": "True",
        "win_rate_gt_45": true,
        "profit_factor_gt_1_5": "False",
        "wfa_efficiency_gt_50": true,
        "trade_count_gt_100": true
      },
      "criteria_passed": "4"
    },
    "top_5_short_lookback": {
      "total_return": 0.0682898706399866,
      "annualized_return": 0.013889465214912527,
      "max_drawdown": -0.2884369064631248,
      "sharpe": 0.1617054221100243,
      "sortino": 0.2738329153652574,
      "calmar": 0.048154258015134496,
      "win_rate": 0.5016949152542373,
      "profit_factor": 1.0821327665882547,
      "trade_count": 295,
      "periods": 59,
      "profitable_periods": 29,
      "wfa_efficiency": 49.152542372881356,
      "criteria": {
        "sharpe_gt_1": "False",
        "max_dd_lt_25": "False",
        "win_rate_gt_45": true,
        "profit_factor_gt_1_5": "False",
        "wfa_efficiency_gt_50": false,
        "trade_count_gt_100": true
      },
      "criteria_passed": "2"
    },
    "top_10_base": {
      "total_return": 0.6774102911581461,
      "annualized_return": 0.1401538533430647,
      "max_drawdown": -0.1443411180784109,
      "sharpe": 0.6243600505075327,
      "sortino": 1.2600179360438375,
      "calmar": 0.9709904925838836,
      "win_rate": 0.5241379310344828,
      "profit_factor": 1.4380763325875787,
      "trade_count": 290,
      "periods": 58,
      "profitable_periods": 33,
      "wfa_efficiency": 56.896551724137936,
      "criteria": {
        "sharpe_gt_1": "False",
        "max_dd_lt_25": "True",
        "win_rate_gt_45": true,
        "profit_factor_gt_1_5": "False",
        "wfa_efficiency_gt_50": true,
        "trade_count_gt_100": true
      },
      "criteria_passed": "4"
    },
    "top_10_conservative": {
      "total_return": 0.2900492376222572,
      "annualized_return": 0.06001018709426011,
      "max_drawdown": -0.10340339776836038,
      "sharpe": 0.494881072653523,
      "sortino": 1.1082301819250293,
      "calmar": 0.5803502436998464,
      "win_rate": 0.5344827586206896,
      "profit_factor": 1.3931234661581025,
      "trade_count": 174,
      "periods": 58,
      "profitable_periods": 27,
      "wfa_efficiency": 46.55172413793103,
      "criteria": {
        "sharpe_gt_1": "False",
        "max_dd_lt_25": "True",
        "win_rate_gt_45": true,
        "profit_factor_gt_1_5": "False",
        "wfa_efficiency_gt_50": false,
        "trade_count_gt_100": true
      },
      "criteria_passed": "3"
    },
    "top_10_aggressive": {
      "total_return": 0.7552433561417611,
      "annualized_return": 0.15625724609829542,
      "max_drawdown": -0.144341118078411,
      "sharpe": 0.6412474969134325,
      "sortino": 1.3740921199959433,
      "calmar": 1.082555325734772,
      "win_rate": 0.5241379310344828,
      "profit_factor": 1.4699017895504278,
      "trade_count": 290,
      "periods": 58,
      "profitable_periods": 33,
      "wfa_efficiency": 56.896551724137936,
      "criteria": {
        "sharpe_gt_1": "False",
        "max_dd_lt_25": "True",
        "win_rate_gt_45": true,
        "profit_factor_gt_1_5": "False",
        "wfa_efficiency_gt_50": true,
        "trade_count_gt_100": true
      },
      "criteria_passed": "4"
    },
    "top_10_short_lookback": {
      "total_return": 0.33889144284484063,
      "annualized_return": 0.0701154709334153,
      "max_drawdown": -0.16488993976527416,
      "sharpe": 0.4275191782728418,
      "sortino": 0.7794810292002919,
      "calmar": 0.4252258872386442,
      "win_rate": 0.5241379310344828,
      "profit_factor": 1.2402409027090815,
      "trade_count": 290,
      "periods": 58,
      "profitable_periods": 30,
      "wfa_efficiency": 51.724137931034484,
      "criteria": {
        "sharpe_gt_1": "False",
        "max_dd_lt_25": "True",
        "win_rate_gt_45": true,
        "profit_factor_gt_1_5": "False",
        "wfa_efficiency_gt_50": true,
        "trade_count_gt_100": true
      },
      "criteria_passed": "4"
    },
    "best_oos_base": {
      "total_return": 0.5856688177786595,
      "annualized_return": 0.12117285885075715,
      "max_drawdown": -0.24268050537732358,
      "sharpe": 0.5582086282739034,
      "sortino": 0.8953199683254068,
      "calmar": 0.4993102295644046,
      "win_rate": 0.5517241379310345,
      "profit_factor": 1.3684739097331746,
      "trade_count": 290,
      "periods": 58,
      "profitable_periods": 35,
      "wfa_efficiency": 60.3448275862069,
      "criteria": {
        "sharpe_gt_1": "False",
        "max_dd_lt_25": "True",
        "win_rate_gt_45": true,
        "profit_factor_gt_1_5": "False",
        "wfa_efficiency_gt_50": true,
        "trade_count_gt_100": true
      },
      "criteria_passed": "4"
    },
    "best_oos_conservative": {
      "total_return": 0.13695577057865727,
      "annualized_return": 0.028335676671446333,
      "max_drawdown": -0.19561281538617836,
      "sharpe": 0.27041097128730807,
      "sortino": 0.3432008274923626,
      "calmar": 0.14485593193629007,
      "win_rate": 0.5689655172413793,
      "profit_factor": 1.192672635359066,
      "trade_count": 174,
      "periods": 58,
      "profitable_periods": 32,