{
  "timestamp": "2026-01-27T22:16:48.871256",
  "strategy": "Volume Profile Breakout (Long-Only)",
  "config": {
    "lookback": 48,
    "vwap_mult": 1.01,
    "ema_fast": 50,
    "ema_slow": 200,
    "max_positions": 10,
    "rebalance_bars": 720,
    "exit": {
      "max_bars": 72,
      "atr_stop": 3.0,
      "profit_target_atr": 8.0
    }
  },
  "results_by_scale": {
    "1.0": {
      "total_return": 0.032501817517256226,
      "max_drawdown": -0.008634506534766185,
      "sharpe": 2.5195656104498787,
      "win_rate": 0.4594594594594595,
      "profit_factor": 1.779826159633838,
      "trade_count": 111,
      "periods": 3,
      "wfa_efficiency": 66.66666666666666
    },
    "3.0": {
      "total_return": 0.09754364989022468,
      "max_drawdown": -0.025903519604298222,
      "sharpe": 2.5195656217321942,
      "win_rate": 0.4594594594594595,
      "profit_factor": 1.779826162306826,
      "trade_count": 111,
      "periods": 3,
      "wfa_efficiency": 66.66666666666666
    },
    "5.0": {
      "total_return": 0.1625071194139891,
      "max_drawdown": -0.04317253267383103,
      "sharpe": 2.519565623988667,
      "win_rate": 0.4594594594594595,
      "profit_factor": 1.7798261628414245,
      "trade_count": 111,
      "periods": 3,
      "wfa_efficiency": 66.66666666666666
    }
  },
  "verdicts": {
    "test1_6_of_6": "True",
    "test2_slippage_robust": true,
    "test3_no_bear_catastrophe": true,
    "test4_monte_carlo_positive": true,
    "test5_param_robust": true,
    "test6_capacity_ok": true
  },
  "all_pass": true,
  "slippage_results": {
    "0.02%": {
      "passed": "6",
      "sharpe": 2.6517596606283176
    },
    "0.03%": {
      "passed": "6",
      "sharpe": 2.519565623988667
    },
    "0.05%": {
      "passed": "6",
      "sharpe": 2.456533952325487
    },
    "0.08%": {
      "passed": "5",
      "sharpe": 2.400490137295825
    },
    "0.10%": {
      "passed": "5",
      "sharpe": 2.3208672027929746
    }
  },
  "regime_results": {
    "bull": {
      "count": 17737,
      "pct": 33.35652762628352,
      "trades": 1022,
      "win_rate": 0.48140900195694714,
      "profit_factor": 1.9080869031688188,
      "net": 0.5519735445086881
    },
    "bear": {
      "count": 10237,
      "pct": 19.25189002143905,
      "trades": 359,
      "win_rate": 0.28969359331476324,
      "profit_factor": 1.265970774591254,
      "net": 0.084144127510127
    },
    "sideways": {
      "count": 25200,
      "pct": 47.391582352277425,
      "trades": 1188,
      "win_rate": 0.3947811447811448,
      "profit_factor": 2.191268486878766,
      "net": 0.7499966796580855
    }
  },
  "monte_carlo": {
    "p_positive": 98.4,
    "p5": 0.03952227951037268,
    "p50": 0.18028657328655617,
    "p95": 0.35040713307284976,
    "worst": -0.06940069294697127,
    "best": 0.5915329993826621
  },
  "param_robustness": {
    "base": "6",
    "lookback_38": "5",
    "lookback_58": "6",
    "vwap_0.808": "6",
    "vwap_1.012": "6",
    "ema_fast_40": "6",
    "ema_fast_60": "6",
    "ema_slow_160": "6",
    "ema_slow_240": "6"
  },
  "baseline_comparison": {
    "baseline_sharpe": 2.3938409630438002,
    "vol_profile_sharpe": 2.519565623988667
  }
}